4351655,总办
4351729,总办
4351645,总办
4351723,总办
4351646,总办
4351696,总办
4353708,即时通信产品部
4354494,即时通信产品部
4354420,即时通信产品部
4354260,即时通信产品部
4353220,即时通信产品部
4354611,即时通信产品部
4354266,即时通信产品部
4354325,即时通信产品部
4353424,即时通信产品部
4353904,即通产品部
4354148,即通产品部
4352781,即通产品部
4354495,即通产品部
4354528,即通产品部
4354138,即通产品部
4353215,即通产品部
4353081,无线产品部
4354078,无线产品部
4353204,无线产品部
4353055,无线产品部
4353551,业务系统
4353670,互联网事业部
4353751,广告销售部
4352660,广告销售部
4353182,移动通信部
4353608,移动通信部
4352649,移动通信部
4353690,移动通信部
4353149,移动通信部
4352905,移动通信部
4354457,国际业务部
4353776,网站部
4354411,网站部
4353761,网站部
4353699,网站部
4352949,网站部
4353180,网站部
4352523,客户服务部
4353861,客户服务部
4353725,客户服务部
4354177,客户服务部
4353225,客户服务部
4353172,客户服务部
4352608,客户服务部
4354086,客户服务部
4353655,客户服务部
4354551,客户服务部
4353783,客户服务部
4352657,客户服务部
4353872,行政部
4352773,行政部
4353954,行政部
4352527,行政部
4354412,行政部
4352450,行政部
4353199,行政部
4353657,行政部
4351782,北京办事处
4351801,上海办事处
4354003,人力资源部
4353205,人力资源部
4354320,人力资源部
4354005,人力资源部
4353634,人力资源部
4353147,人力资源部
4354454,人力资源部
4353419,人力资源部
4353133,人力资源部
4352633,人力资源部
4353237,人力资源部
4354034,电信事业部
4354042,电信事业部
4354595,电信事业部
4353051,电信事业部
4354277,电信事业部
4353897,电子商务部
4354520,电子商务部
4354062,电子商务部
4353566,电子商务部
4353526,电子商务部
4353668,电子商务部
4352824,电子商务部
4353955,电子商务部
4353198,公关部
4353662,管理工程部
4353297,管理工程部
4354121,网络平台部
4353502,网络平台部
4354196,网络平台部
4352673,网络平台部
4353490,网络平台部
4354246,网络平台部
4353572,董事会办公室
4352607,董事会办公室
4352930,董事会办公室
4354436,董事会办公室
4352674,董事会办公室
4352963,董事会办公室
4353605,董事会办公室
4352495,董事会办公室
4352625,投资者关系部
4352445,投资者关系部
4353387,投资者关系与国际传讯部
4354524,投资者关系与国际传讯部
4353887,投资者关系与国际传讯部
4354339,投资者关系与国际传讯部
4354029,投资者关系与国际传讯部
4352794,战略发展部
4353393,战略发展部
4354357,战略发展部
4352981,战略发展部
4354104,战略发展部
4352967,战略发展部
4354369,战略发展部
4353579,测试部门
4353906,专利小组
4352601,综合规划
4353979,综合规划
4354463,企划
4353934,市场组
4353397,技术
4353392,技术支持
4353978,技术中心
4354318,新闻中心
4354395,深圳研发中心
4353604,深圳研发中心
4353981,深圳研发中心
4354308,深圳研发中心
4353507,S职能系统
4351744,S1职能系统－职能线
4351747,S1职能系统－职能线
4351689,S1职能系统－职能线
4351715,S1职能系统－职能线
4351749,S1职能系统－职能线
4351660,S1职能系统－职能线
4351722,S1职能系统－职能线
4354245,IDC
4353745,渠道组
4353574,华南区
4353478,华中区
4353961,华中区
4352904,西南区
4353704,总部关系
4352884,营销拓展组
4352954,实习生
4352436,技术支持
4353189,国际业务部
4353134,国际业务部
4354160,产品组
4352811,实习生
4353664,热线组
4353443,成本管理组
4354571,政策外联
4353594,财务监督
4353196,财务监督
4351791,北京分公司
4351862,北京分公司
4351816,北京分公司
4351767,北京分公司
4351832,北京分公司
4351802,北京分公司
4351798,北京分公司
4351811,北京分公司
4351796,北京分公司
4351824,北京分公司
4351855,北京分公司
4353124,北京分公司
4353431,北京分公司
4352704,北京分公司
4353577,北京分公司
4353925,北京分公司
4352881,北京分公司
4351813,上海分公司
4351803,上海分公司
4351833,上海分公司
4351788,上海分公司
4351781,上海分公司
4351819,上海分公司
4352726,上海分公司
4354149,上海分公司
4354396,上海分公司
4354095,上海分公司
4354502,上海分公司
4352763,人力资源部
4352719,运营支持部
4353236,运营支持部
4353002,数据平台部
4353920,数据平台部
4354288,数据平台部
4353688,数据平台部
4353423,数据平台部
4354147,财务部
4352968,财务部
4353223,财务部
4352899,业务协调组
4353181,计划结算部
4353722,研发管理部
4353007,研发管理部
4354219,研发管理部
4354076,研发管理部
4353379,研发管理部
4353599,研发管理部
4354162,研发中心
4353197,研发中心
4352850,法务部
4352597,法务部
4353585,法务部
4354470,法务部
4354096,法务部
4354486,正式员工
4354473,正式员工
4354634,研究顾问组
4354545,互动娱乐事业部
4353249,游戏开发
4354199,娱乐平台开发
4354250,产品组
4354257,项目分析
4354186,内审组
4353211,运维组
4354488,质检组
4354309,信息组
4353107,热线组
4353646,HR组
4353702,行政组
4352748,销售组
4353565,策略组
4353046,业务支持组
4353520,采购
4352959,销售管理组
4353826,渠道营销部
4353975,渠道营销部
4353001,渠道营销部
4353606,渠道营销部
4352998,渠道营销部
4354477,系统架构部
4352629,系统架构部
4353701,系统架构部
4352868,架构中心
4353622,架构中心
4352616,北京
4352872,费用核算分组
4353370,运营平台开发
4352867,开发
4353089,运维
4353798,媒体拓展组
4353643,投资并购部
4352569,成都研发部
4352556,广州研发中心
4353094,广州研发中心
4352700,广州研发中心
4354269,广州研发部
4352376,广州研发线
4352352,广州研发线
4352379,广州研发线
4351934,广州研发线
4352025,广州研发线
4352136,广州研发线
4352019,广州研发线
4352188,广州研发线
4352196,广州研发线
4352268,广州研发线
4352358,广州研发线
4352189,广州研发线
4352372,广州研发线
4352115,广州研发线
4352092,广州研发线
4351919,广州研发线
4352076,广州研发线
4352219,广州研发线
4352284,广州研发线
4352242,广州研发线
4352223,广州研发线
4352431,广州研发线
4351976,广州研发线
4352765,搜索产品中心
4354572,搜索产品中心
4353842,安全中心
4352709,安全平台部
4353298,安全平台部
4354476,安全平台部
4352877,安全平台部
4352598,安全平台部
4353394,安全平台部
4354397,实习生
4353547,北京组
4353221,职能组
4353400,媒体渠道组
4353792,商用开发一组
4354028,商用开发二组
4354305,财经中心
4353269,内审组
4353976,结算组
4352588,支付管理组
4352751,国际拓展组
4353973,行政HR组
4354129,运维支持组
4352478,质量管理小组
4354445,基础研发
4354569,BD
4353383,BD
4354321,BD
4352978,CP管理
4353492,CP管理
4352491,ＷＥＢ应用开发组
4352707,北京组
4352714,测试
4352766,策划
4353685,策划
4353787,产品规划
4354517,产品线
4354289,产品支撑二组
4352957,产品助理
4352862,产品组
4354422,宠物产品组
4353919,动漫
4352494,读书
4354013,广研
4353940,汇线通组
4352969,会员市场组
4353915,会员市场组
4352677,机房工程
4352555,教育
4354243,借调人员
4353495,开发二组
4353214,开发一组
4353951,开发组
4353946,开发组
4354183,宽频
4352944,论坛组
4352945,美工
4353816,频道开发
4352844,设计
4353705,时尚
4353123,网站业务
4352593,西南区
4353620,系统管理
4353504,新业务组
4353451,信息审核
4353042,星座
4354267,行政组
4353246,业务组
4353105,应用运维
4352799,游戏技能组
4353924,游戏技能组
4353280,娱乐
4352683,语音制作
4353676,预算仓库
4354521,预研组
4354378,座席代表6组
4353996,座席代表8组
4353390,座席代表9组
4353494,Minigame测试组
4352742,server开发组
4354093,大厅开发组
4353687,Minigame测试组
4353479,Q-Zone
4354213,Q-Zone
4353793,Q-Zone
4354220,WAP主站地方
4353652,web测试组
4353498,策划制作组
4352711,程序组
4353119,程序组
4353763,大厅开发组
4352663,大厅开发组
4353415,大厅开发组
4352816,大厅开发组
4353840,公共平台
4354012,华东办事处
4353713,会员
4354576,技术线
4354335,美术组
4352744,平面动画组
4353305,企划组
4354332,西北办事处
4353289,西北办事处
4353548,西南办事处
4354525,信息组
4352698,游戏开发组
4352831,游戏开发组
4353631,增值开发组
4353847,终端开发组
4352817,终端开发组
4351675,B0企业发展系统
4351665,B0企业发展系统
4351720,CDG企业发展事业群
4351676,CDG企业发展事业群
4351706,CDG企业发展事业群
4351732,CDG企业发展事业群
4351677,CDG企业发展事业群
4351717,CDG企业发展事业群
4351709,B1无线业务系统
4351743,MIG移动互联网事业群
4351656,MIG移动互联网事业群
4351737,MIG移动互联网事业群
4351742,MIG移动互联网事业群
4351745,MIG移动互联网事业群
4351690,MIG移动互联网事业群
4351740,MIG移动互联网事业群
4351716,MIG移动互联网事业群
4352801,B2互联网业务系统
4353186,B2互联网业务系统
4351661,B2互联网业务系统
4351750,B2互联网业务系统
4351738,B2互联网业务系统
4351672,SNG社交网络事业群
4351687,SNG社交网络事业群
4351667,SNG社交网络事业群
4351719,SNG社交网络事业群
4351748,SNG社交网络事业群
4351752,SNG社交网络事业群
4351671,SNG社交网络事业群
4351694,SNG社交网络事业群
4351707,B3互动娱乐业务系统
4351688,B3互动娱乐业务系统
4351705,B3互动娱乐业务系统
4351692,B3互动娱乐业务系统
4351756,B3互动娱乐业务系统
4351663,IEG互动娱乐事业群
4351710,IEG互动娱乐事业群
4351682,IEG互动娱乐事业群
4354591,B4网络媒体业务系统
4351714,B4网络媒体业务系统
4351654,B4网络媒体业务系统
4351725,B4网络媒体业务系统
4351721,B4网络媒体业务系统
4351697,B4网络媒体业务系统
4351763,OMG网络媒体事业群
4351683,OMG网络媒体事业群
4351734,OMG网络媒体事业群
4351766,OMG网络媒体事业群
4351753,OMG网络媒体事业群
4351647,OMG网络媒体事业群
4354509,O运营支持系统
4351670,O运营支持系统
4351693,O运营支持系统
4351757,O运营支持系统
4351699,O1运营平台系统－基础运营线
4351754,TEG技术工程事业群
4351731,TEG技术工程事业群
4351648,TEG技术工程事业群
4351700,TEG技术工程事业群
4351653,TEG技术工程事业群
4351736,TEG技术工程事业群
4351678,TEG技术工程事业群
4351664,TEG技术工程事业群
4351704,R平台研发系统
4352956,数字音乐部
4352676,数字音乐部
4354615,数字多媒体产品中心
4353140,数字多媒体产品中心
4353879,数字多媒体产品部
4354602,互联网研发部
4352465,互联网研发部
4352894,互联网研发部
4353113,在线社区部
4354263,互联网市场部
4354221,互联网市场部
4353755,互联网市场部
4354249,互联网市场部
4353948,会员产品部
4353782,会员产品部
4354240,会员产品部
4352650,互动娱乐运营部
4354481,互动娱乐运营部
4354426,互动娱乐运营部
4354145,互动娱乐运营部
4354222,互动娱乐运营部
4352806,互动娱乐运营部
4353228,互动娱乐运营部
4352880,互动娱乐运营部
4352595,互动娱乐运营部
4354043,互动娱乐运营部
4354287,互动娱乐运营部
4353545,互动娱乐运营部
4354544,互动娱乐研发部
4354390,互动娱乐研发部
4352665,互动娱乐研发部
4352493,互动娱乐研发部
4354050,互动娱乐研发部
4354356,互动娱乐研发部
4353820,互动娱乐研发中心
4352879,互动娱乐研发中心
4352991,互动娱乐研发部
4353292,互动娱乐研发部
4353061,互动娱乐研发部
4353152,互动娱乐研发部
4353033,互动娱乐研发部
4354126,互动娱乐研发部
4353994,互动娱乐研发部
4353590,互动娱乐研发部
4352990,互动娱乐研发部
4351869,社区平台组
4351873,社区平台组
4353865,PMO
4354125,PMO
4352468,流程管理部
4354400,企业IT部
4352815,企业IT部
4354158,企业IT部
4353582,企业IT部
4354402,企业IT部
4353320,企业IT部
4353778,企业IT部
4353926,企业IT部
4354430,企业IT部
4353867,企业IT部
4353321,企业IT部
4354633,互动综合项目部
4354081,互动综合项目部
4353720,互动综合项目部
4353971,互动综合项目部
4354388,互动综合项目部
4353986,互动综合项目部
4354500,互动综合项目部
4352979,互联网综合项目部
4351776,上海分区
4351794,上海分区
4354597,QA
4353136,采购中心
4352891,采购部
4354244,采购部
4353774,采购部
4353327,采购部
4353911,采购部
4353564,采购部
4353413,无线业务系统办公室
4354374,无线业务系统办公室
4353065,无线业务系统办公室
4353578,无线业务系统办公室
4354236,无线业务系统办公室
4354482,无线业务系统办公室
4353698,无线业务系统办公室
4353539,移动互联网事业群办公室
4353024,移动互联网事业群办公室
4354504,移动互联网事业群办公室
4353729,移动互联网事业群办公室
4354306,移动互联网事业群办公室
4353799,互联网业务系统办公室
4354002,互联网业务系统办公室
4352834,互联网业务系统办公室
4353571,互联网业务系统办公室
4353284,社交网络事业群办公室
4352952,社交网络事业群办公室
4352805,社交网络事业群办公室
4352517,互动娱乐业务系统办公室
4353773,互动娱乐业务系统办公室
4353982,互动娱乐事业群办公室
4353828,互动娱乐事业群办公室
4354207,互动娱乐事业群办公室
4354605,互动娱乐事业群办公室
4354132,互动娱乐事业群办公室
4353694,运营支持系统办公室
4354389,运营平台系统办公室
4353362,TEG办公室
4352614,TEG办公室
4353219,TEG办公室
4354030,TEG办公室
4353632,TEG办公室
4353873,TEG办公室
4354334,TEG办公室
4353624,互联网运营部
4352792,互联网运营部
4354212,互联网运营部
4352976,互联网运营平台部
4353731,云平台部
4352887,云平台部
4353224,云平台部
4353553,云平台部
4353295,云平台部
4352756,云平台部
4352464,云平台部
4352895,云平台部
4354408,3G产品中心
4352832,3G产品部
4353402,平台研发系统办公室
4353760,平台研发系统办公室
4352484,平台研发系统办公室
4354180,在线支付部
4353522,在线支付部
4353291,在线支付部
4353154,在线支付部
4353740,在线支付部
4353505,在线支付部
4353936,在线支付部
4354512,在线支付部
4353672,在线支付部
4354036,在线支付部
4353769,在线支付部
4353003,在线支付部
4353285,在线支付部
4353802,总办助理
4353963,总办助理
4354363,总办秘书
4352768,总办秘书
4352840,QQ空间产品中心
4354052,社交平台部
4353617,社交平台部
4354142,社交平台部
4352584,社交平台部
4354534,社交平台部
4353231,企业拓展部
4353399,国际产品中心
4354570,国际产品中心
4352617,用户研究与体验设计中心
4353074,用户研究与体验设计中心
4354394,用户研究与体验设计中心
4354273,用户研究与体验设计中心
4353711,用户研究与体验设计部
4354268,用户研究与体验设计部
4352729,用户研究与体验设计部
4353512,用户研究与体验设计部
4353626,用户研究与体验设计部
4353852,搜索技术研发中心
4352999,搜索技术研发中心
4352837,搜索技术研发中心
4351787,毕业生组
4351784,毕业生组
4351771,毕业生组
4353019,政策发展部
4353260,政策发展部
4352470,政策发展部
4353812,美国办公室
4353721,美国办公室
4353635,美国分公司
4354319,美国分公司
4353597,美国分公司
4352988,美国分公司
4353118,美国分公司
4352804,美国分公司
4354625,美国分公司
4354599,美国分公司
4353813,美国分公司
4354188,美国分公司
4353803,运营技术中心
4353653,经营管理委员会
4352458,经营管理委员会
4354418,经营管理委员会
4353491,经营管理委员会
4354168,经营管理委员会
4354365,经营管理委员会
4352451,腾讯公益慈善基金会执行委员会
4353886,腾讯公益慈善基金会
4354206,企业社会责任部
4354298,企业社会责任部
4354405,企业社会责任部
4352694,企业社会责任部
4352958,企业社会责任部
4353831,无线运营中心
4353009,无线运营中心
4353325,无线运营中心
4353374,无线运营中心
4354109,无线合作开发部
4353339,无线合作开发部
4353557,无线合作开发部
4354140,无线合作开发部
4353692,无线合作开发部
4353456,无线合作开发部
4352564,无线合作开发部
4353748,无线合作开发部
4353027,广告平台产品部
4353917,广告平台产品部
4353338,广告平台产品部
4353791,广告平台产品部
4354588,广告平台产品部
4352986,广告平台产品部
4352467,广告平台产品部
4353256,基建工程部
4354146,基建工程部
4353707,QQ秀产品中心
4354074,QQ秀产品部
4352688,SNS应用部
4353077,创新中心
4354191,创新中心
4353195,创新中心
4353957,创新中心
4353059,企业文化与员工关系部
4353120,企业文化与员工关系部
4353191,企业文化与员工关系部
4354461,企业文化与员工关系部
4352615,企业文化与员工关系部
4353441,企业文化与员工关系部
4354380,企业文化与员工关系部
4353468,企业文化与员工关系部
4352791,企业文化与员工关系部
4353734,企业文化与员工关系部
4351765,独立核算预算项目组（成本中心核算专用）
4351711,独立核算预算项目组（成本中心核算专用）
4351691,独立核算预算项目组（成本中心核算专用）
4351741,独立核算预算项目组（成本中心核算专用）
4351684,独立核算预算项目组（成本中心核算专用）
4351680,独立核算预算项目组（成本中心核算专用）
4351730,独立核算预算项目组（成本中心核算专用）
4351681,独立核算预算项目组（成本中心核算专用）
4351657,独立核算预算项目组（成本中心核算专用）
4351746,独立核算预算项目组（成本中心核算专用）
4353623,奥运项目
4353070,广东电视台合资公司
4354468,互动娱乐市场部
4353245,互动娱乐市场部
4352685,互动娱乐市场部
4353995,互动娱乐市场部
4351797,总部关系组
4351820,总部关系组
4354116,印研所
4353079,人力资源管理委员会
4353483,人力资源管理委员会
4352515,人力资源管理委员会
4353610,人力资源管理委员会
4353470,人力资源管理委员会
4352640,人力资源管理委员会
4353416,人力资源管理委员会
4354421,人力资源管理委员会
4354194,人力资源管理委员会
4354523,腾讯学院
4354185,腾讯学院
4352538,腾讯学院
4353100,腾讯学院
4354045,腾讯学院
4352953,腾讯学院
4352599,腾讯学院
4352829,数字多媒体产品中心
4353814,成都分公司
4352771,成都分公司
4352699,成都分公司
4353592,成都分公司
4354189,成都分公司
4354025,成都分公司
4354251,成都分公司
4353128,业务安全部
4353226,代理游戏部
4353496,代理游戏部
4353230,业务综合协调部
4352644,业务综合协调部
4351685,S2职能系统－财经线
4351702,S2职能系统－财经线
4351708,S2职能系统－财经线
4351695,S2职能系统－财经线
4351764,S2职能系统－财经线
4351649,S2职能系统－财经线
4351703,S3职能系统－HR与管理线
4351701,S3职能系统－HR与管理线
4351728,S3职能系统－HR与管理线
4351727,S3职能系统－HR与管理线
4351755,S3职能系统－HR与管理线
4351669,S3职能系统－HR与管理线
4351726,S3职能系统－HR与管理线
4351662,S3职能系统－HR与管理线
4351735,S3职能系统－HR与管理线
4351758,S3职能系统－HR与管理线
4351666,S3职能系统－HR与管理线
4353794,财务管理
4354372,投资并购
4354054,投资并购
4353021,投资并购
4354016,投资并购
4354547,投资并购
4353352,投资并购
4354173,投资并购
4354379,投资并购
4354366,投资并购
4352893,投资公司管理
4353098,投资公司管理
4353274,投资公司管理
4354248,投资公司管理
4352443,投资公司管理
4353356,内审
4354537,内审
4354017,审计监察
4353322,审计监察
4353550,内控
4353208,风险管理和内部控制
4354343,风险管理和内部控制
4353742,风险管理和内部控制
4353546,B4财务管理
4353167,B4系统财务管理
4353541,B4系统财务管理
4353677,OMG财务管理
4354554,OMG财务管理
4354135,OMG财务管理
4353781,OMG财务管理
4353647,OMG财务管理
4353116,OMG财务管理
4352613,B3系统财务管理
4352702,IEG财务管理
4353384,IEG财务管理
4353686,IEG财务管理
4352637,IEG财务管理
4352759,IEG财务管理
4352743,O/R0/R1系统财务管理
4354526,TEG财务管理
4353527,TEG财务管理
4352861,TEG财务管理
4352574,SNG财务管理
4353406,SNG财务管理
4352530,SNG财务管理
4353987,SNG财务管理
4352531,SNG财务管理
4354215,预算及管理分析
4353272,预算及管理分析
4353916,预算管理与财务分析部
4353359,预算管理与财务分析部
4354179,MIG财务管理
4353844,MIG财务管理
4352621,MIG财务管理
4353950,MIG财务管理
4354088,资金管理
4354284,资金管理
4354553,资金管理
4354455,资金管理
4353723,在线支付部财务管理
4352550,支付及虚拟业务财务管理
4353588,支付基础平台与金融应用线财务管理
4353084,税务及对外协调
4353420,税务管理
4352790,税务管理
4352940,税务管理
4353882,税务管理
4353426,税务管理
4353286,税务管理
4353254,税务管理
4353642,税务管理
4354278,总账管理及专业支持
4352632,财务共享服务部
4353544,财务共享服务部
4354519,财务共享服务部
4352638,应收管理
4353014,应付管理
4354609,应付管理
4353155,应付管理
4353183,分公司财务
4353309,资产管理
4352672,资产管理
4353581,网络媒体市场部
4352833,网络媒体市场部
4354091,网络媒体市场部
4352487,网络媒体市场部
4352591,网络媒体市场部
4352746,网络媒体市场部
4354223,网络媒体市场部
4353633,网络媒体市场部
4352646,网络媒体市场部
4353895,MIG财务管理
4353159,MIG财务管理
4352758,MIG财务管理
4354604,MIG财务管理
4353382,MIG财务管理
4353253,MIG财务管理
4354314,MIG财务管理
4352892,MIG财务管理
4353772,MIG财务管理
4352809,MIG财务管理
4353928,SNG财务管理
4353859,SNG财务管理
4352533,SNG财务管理
4353958,SNG财务管理
4353618,SNG财务管理
4353316,B3系统财务管理
4353645,IEG财务管理
4352931,IEG财务管理
4354344,IEG财务管理
4354416,IEG财务管理
4353691,IEG财务管理
4353893,IEG财务管理
4353239,B4系统财务管理
4353689,OMG财务管理
4354120,OMG财务管理
4353330,OMG财务管理
4352777,OMG财务管理
4353637,OMG财务管理
4353964,TEG财务管理
4352455,TEG财务管理
4354493,TEG财务管理
4354001,TEG财务管理
4353212,TEG财务管理
4352854,TEG财务管理
4354342,TEG财务管理
4353589,TEG财务管理
4352697,TEG财务管理
4354510,公司级品牌营销
4353666,公司级品牌营销
4353217,公司级品牌营销
4354127,公司级内容采购
4353452,公司级内容采购
4353907,公司级内容采购
4354259,公司级内容采购
4354102,财经线-公共
4354638,财经线-公共
4353530,财经线-公共
4353718,财经线-公共
4353229,财经线-公共
4352730,财经线-公共
4354181,财经线-公共
4353293,财经线-公共
4354584,腾讯供应链管理委员会
4352656,架构平台部
4352634,架构平台部
4354159,架构平台部
4352860,架构平台部
4353361,架构平台部
4352475,架构平台部
4352997,架构平台部
4353671,架构平台部
4352772,架构平台部
4354515,无线研发部
4352583,无线研发部
4353473,无线研发部
4354555,无线研发部
4354552,无线研发部
4352780,无线研发部
4353892,无线研发部
4353125,无线研发部
4353680,无线研发部
4353506,无线研发部
4352558,无线研发部
4353243,无线研发部
4353185,无线研发部
4353923,无线研发部
4353355,无线研发部
4353870,波士顿工作室
4352639,Boston Studio
4353097,世博项目中心
4352437,世博项目中心
4353418,腾讯基础IT建设项目组
4353434,电信C网工程实施项目组
4352658,国际业务部
4354065,国际业务部
4353378,国际业务部
4353625,国际业务部
4354483,国际业务部
4352864,国际业务部
4354529,国际业务部
4353477,国际业务部
4352849,国际业务部
4354384,国际业务部
4353312,国际业务部
4353790,投资并购部
4352623,投资并购部
4354264,投资并购部
4352866,投资并购部
4352778,北极光工作室
4354419,北极光工作室
4354111,北极光工作室
4353176,北极光工作室
4353953,北极光工作室
4353901,北极光工作室
4354119,北极光工作室
4354479,北极光工作室
4353171,卧龙工作室
4352985,卧龙工作室
4353533,卧龙工作室
4354398,卧龙工作室
4352738,卧龙工作室
4352731,量子工作室
4352736,量子工作室
4353460,量子工作室
4354475,量子工作室
4354328,量子工作室
4353078,量子工作室
4354315,量子工作室
4353311,量子工作室
4352947,琳琅天上工作室
4353377,琳琅天上工作室
4352469,互动娱乐合作产品部
4352481,互动娱乐合作产品部
4352723,互动娱乐合作产品部
4354442,互动娱乐合作产品部
4354326,互动娱乐合作产品部
4353444,QQ宠物产品部
4352942,QQ宠物产品部
4353057,魔方工作室
4353304,魔方工作室
4353435,魔方工作室
4353628,QQ游戏产品部
4354511,QQ游戏产品部
4352627,QQ游戏产品部
4352821,QQ游戏产品部
4353869,QQ游戏产品部
4352567,QQ游戏产品部
4352932,游戏平台产品部
4353806,游戏平台产品部
4354047,游戏平台产品部
4354094,互动娱乐商务部
4354057,互动娱乐商务部
4352691,互动娱乐商务部
4352975,互动娱乐商务部
4353408,互动娱乐商务部
4353069,商务部
4353767,商务部
4352687,商务部
4353324,商务部
4354626,互动娱乐业务管理部
4353465,互动娱乐业务管理部
4354218,寻仙公测攻坚组
4352552,上海自有物业
4353474,B0人力资源管理组
4353006,CDG人力资源中心
4352896,CDG人力资源中心
4353153,CDG人力资源中心
4354153,CDG人力资源中心
4353714,CDG人力资源中心
4352454,CDG人力资源中心
4353268,CDG人力资源中心
4351658,O2运营平台系统－安全架构线
4353510,CFO办公室
4353881,CFO办公室
4353525,CFO办公室
4353765,CFO办公室
4353388,CFO办公室
4354474,CFO办公室
4353251,CFO办公室
4353344,CFO办公室
4353017,B0系统财务管理
4354439,CDG财务管理
4353703,CDG财务管理
4353902,CDG财务管理
4353068,CDG财务管理
4353570,B0系统财务管理
4352452,CDG财务管理
4352576,CDG财务管理
4352788,CDG财务管理
4354492,CDG财务管理
4353294,CDG财务管理
4353369,CDG财务管理
4354082,天津项目
4353264,天津项目
4352812,天津项目
4353276,天津项目
4354608,天津项目
4352807,服务采购管理部
4353004,服务采购管理部
4353535,服务采购管理部
4352813,服务采购管理部
4353768,服务采购管理部
4353516,服务采购管理部
4354018,经营管理决策委员会
4353797,经营管理决策委员会
4354347,经营管理决策委员会
4353719,经营管理决策委员会
4354201,经营管理决策委员会
4354627,波士顿工作室(上海)
4352512,游戏业务安全联合团队
4353880,游戏业务安全联合团队
4353493,IGD执行委员会
4353203,IGD执行委员会
4353681,IGD执行委员会
4352911,IGD执行委员会
4352696,IGD执行委员会
4353639,校园招聘项目
4353834,校园招聘项目
4353835,网络媒体业务系统办公室
4352847,网络媒体业务系统办公室
4354410,网络媒体事业群办公室
4353213,网络媒体事业群办公室
4352873,网络媒体事业群办公室
4353102,网络媒体事业群办公室
4353340,网络媒体事业群办公室
4354167,腾讯网总编办
4353576,腾讯网络媒体编委会
4354452,综合资讯部
4354556,产经资讯部
4353552,产经资讯部
4352786,产经资讯部
4352459,产经资讯部
4354541,产经资讯部
4353235,产经资讯部
4353082,网络媒体产品技术部
4353043,网络媒体拓展部
4353486,网络媒体拓展部
4351751,R2平台研发系统－搜索业务线
4354329,研发运营部
4354064,搜索平台部
4354297,搜索平台部
4354435,搜索平台部
4353619,搜索平台部
4353177,社区搜索部
4353899,社区搜索部
4353037,社区搜索部
4353175,搜索营销部
4353747,搜索营销部
4353476,搜索营销部
4353927,搜索营销部
4353728,效果广告营销部
4353342,搜索研究部
4353049,搜索研究部
4352710,搜索业务线系统办公室
4353122,世博项目中心
4354371,世博项目中心
4353988,大连世纪鲲鹏
4352628,网络媒体产品部
4354349,网域
4354216,网域
4353351,搜索广告平台部
4352783,搜索广告平台部
4354425,搜索广告平台部
4352800,搜索广告平台部
4354197,建设管理部
4352845,建设管理部
4354019,项目管理部
4354137,项目管理部
4354139,项目管理部
4352701,项目管理部
4353091,项目管理部
4353044,项目管理部
4353529,项目管理部
4354585,项目管理部
4353259,规划设计部
4354429,规划设计部
4354563,规划设计部
4352826,规划设计部
4353126,规划设计部
4353429,建设合约部
4352909,建设合约部
4353487,建设合约部
4353031,建设合约部
4353665,建设工程部
4354423,数据中心项目部
4354382,数据中心项目部
4353874,专项项目部
4353279,专项项目部
4353296,专项项目部
4354340,互联网测试部
4353075,社交网络质量部
4354385,社交网络质量部
4353939,社交网络质量部
4353038,桌面产品部
4354614,桌面安全产品部
4353398,桌面安全产品部
4352453,桌面安全产品部
4354113,桌面安全产品部
4352573,桌面安全产品部
4352724,桌面安全产品部
4353771,桌面安全产品部
4353364,桌面安全产品部
4353067,CDG人力资源中心
4352461,CDG人力资源中心
4353459,CDG人力资源中心
4352727,MIG人力资源中心
4353679,MIG人力资源中心
4352507,MIG人力资源中心
4353192,MIG人力资源中心
4354105,MIG人力资源中心
4353659,B2系统人力资源中心
4353288,B2系统人力资源中心
4354333,SNG人力资源中心
4353092,SNG人力资源中心
4353450,SNG人力资源中心
4353509,SNG人力资源中心
4353931,SNG人力资源中心
4353449,SNG人力资源中心
4354383,B3系统人力资源中心
4353184,B3系统人力资源中心
4353600,IEG人力资源中心
4353697,IEG人力资源中心
4354506,IEG人力资源中心
4352996,B4系统人力资源中心
4353114,B4系统人力资源中心
4353965,OMG人力资源中心
4352472,OMG人力资源中心
4353658,OMG人力资源中心
4353894,OMG人力资源中心
4353640,O系统人力资源中心
4354205,O系统人力资源中心
4354392,TEG人力资源中心
4354581,TEG人力资源中心
4353032,TEG人力资源中心
4352725,TEG人力资源中心
4352499,TEG人力资源中心
4352471,TEG人力资源中心
4354004,TEG人力资源中心
4354038,R系统人力资源中心
4353045,R系统人力资源中心
4353855,S系统人力资源中心
4353174,S系统人力资源中心
4352652,S系统人力资源中心
4352572,S系统人力资源中心
4353250,S系统人力资源中心
4352859,S系统人力资源中心
4352596,S系统人力资源中心
4353371,S系统人力资源中心
4353101,S系统人力资源中心
4354247,成都人力资源中心
4353200,R2搜索业务线财务管理
4353909,SNS游戏组
4353817,SNS游戏组
4354632,微博项目组
4353354,人力资源平台部
4352641,人力资源平台部
4352532,人力资源平台部
4352565,人力资源平台部
4354295,人力资源平台部
4354232,人力资源平台部
4353638,北京康盛新创
4353756,北京康盛新创
4353851,搜索业务线办公室
4354134,搜索业务线办公室
4354031,搜索业务线办公室
4354007,平台研发线办公室
4352830,体验设计组
4353469,合肥世纪讯微
4354053,合肥世纪讯微
4353018,合肥世纪讯微
4354026,合肥世纪讯微
4353368,合肥世纪讯微
4352548,合肥世纪讯微
4354235,合肥世纪讯微
4352923,合肥世纪讯微
4354631,伦敦奥运会项目组
4353395,伦敦奥运会项目组
4353967,伦敦奥运会项目组
4352878,无线游戏产品部
4354635,无线游戏产品部
4352655,无线游戏产品部
4354024,无线媒体产品部
4352787,无线媒体产品部
4352686,无线媒体产品部
4353846,无线增值产品部
4353035,无线增值产品部
4352540,互联网用户体验设计部
4352863,互联网用户体验设计部
4352577,互联网用户体验设计部
4352500,互联网用户体验设计部
4352984,社交用户体验设计部
4353386,社交用户体验设计部
4353319,社交用户体验设计部
4352869,社交用户体验设计部
4353109,社交用户体验设计部
4352561,社交用户体验设计部
4354536,社交用户体验设计部
4353227,社交用户体验设计部
4353244,社交用户体验设计部
4352712,社交用户体验设计部
4352818,职能线办公室
4352919,职能线办公室
4353485,职能线办公室
4354467,职能线办公室
4352537,职能线办公室
4354610,职能线办公室
4354579,职能线办公室
4352890,光速工作室
4352761,光速工作室
4353515,光速工作室
4353559,光速工作室
4354362,光速工作室
4354532,光速工作室
4354637,光速工作室
4353562,光速工作室
4354600,行政支持组
4353142,微博事业部
4353603,微博事业部
4353165,微博事业部
4354414,微博事业部
4353334,微博事业部
4353960,微博事业部
4352511,微博事业部
4353796,基础架构部
4354101,基础架构部
4352477,基础架构部
4353914,TEG人力资源中心
4354507,TEG人力资源中心
4354516,TEG人力资源中心
4353523,TEG人力资源中心
4353187,TEG人力资源中心
4353903,TEG人力资源中心
4354067,TEG人力资源中心
4354393,TEG人力资源中心
4354330,TEG人力资源中心
4354128,S系统财务管理
4353160,S系统财务管理
4353715,S系统财务管理
4353956,S系统财务管理
4353878,S系统财务管理
4353937,腾讯公益慈善基金会
4352912,腾讯公益慈善基金会
4352886,腾讯公益慈善基金会
4354085,腾讯公益慈善基金会
4354446,腾讯公益慈善基金会1
4353885,大自然基金管理办
4354620,义工项目管理办
4353331,品牌合作部
4352848,财务部
4352734,S1财务管理
4353649,S1财务管理
4353656,S1财务管理
4353555,S1财务管理
4352779,S1财务管理
4353326,S1财务管理
4353575,S1财务管理
4352960,S1财务管理
4352473,电商运营部
4353144,电商平台部
4352474,电商平台部
4352571,电商平台部
4353832,电商平台部
4353315,虚拟服务电商部
4353433,生活服务电商部
4354304,生活服务电商部
4353403,在线视频部
4353693,在线视频部
4354299,在线视频部
4352541,SNG人力资源中心
4353739,SNG人力资源中心
4352885,SNG人力资源中心
4352950,B3系统行政中心
4352604,IEG行政中心
4353209,IEG行政中心
4352938,IEG行政中心
4354312,IEG行政中心
4353064,QTALK产品部
4353843,QTALK产品部
4353905,QT产品部
4353554,QT产品部
4354459,QT产品部
4352602,开放平台部
4352740,开放平台部
4353488,开放平台部
4352570,开放平台部
4352643,开放平台部
4353811,开放平台部
4352775,开放平台部
4354124,开放平台部
4354323,地图平台部
4354099,地图平台部
4354154,地图平台部
4352578,地图平台部
4353261,地图平台部
4353380,MIG人力资源中心
4354225,MIG人力资源中心
4352825,MIG人力资源中心
4353103,MIG人力资源中心
4353898,MIG人力资源中心
4352764,MIG人力资源中心
4354317,韩国分公司
4354583,韩国分公司
4353202,韩国分公司
4353432,韩国分公司
4353992,韩国分公司
4354438,韩国分公司
4353066,韩国分公司
4354103,韩国分公司
4353462,韩国分公司
4354276,韩国分公司
4354262,韩国分公司
4352693,韩国分公司
4352302,教育中心
4352662,教育中心
4351698,R1平台研发系统-即时通信线
4354364,即通平台部
4352479,即通平台部
4352752,即通平台部
4354629,即通平台部
4352767,即通应用部
4352785,即通应用部
4352843,即通应用部
4353457,即通应用部
4353933,即通应用部
4354505,即通应用部
4354616,即通应用部
4353743,即通应用部
4353020,即通综合部
4352755,即通综合部
4354107,即通综合部
4353508,即通综合部
4353329,即通综合部
4352505,即通综合部
4352624,即通综合部
4354568,即通综合部
4354174,即通综合部
4354367,希格玛演播群项目组
4352611,希格玛演播群项目组
4353166,希格玛演播群项目组
4353788,区域门户运营部
4352526,区域门户运营部
4353141,区域门户运营部
4352776,区域门户运营部
4352543,区域业务部
4352631,区域业务部
4353876,大连世纪成讯
4353375,大连世纪成讯
4354351,大连世纪成讯
4353660,大连世纪成讯
4354056,HR与管理线办公室
4354292,HR与管理线办公室
4353896,HR与管理线办公室
4352586,HR与管理线办公室
4353918,HR与管理线办公室
4353252,HR与管理线办公室
4354307,搜索拓展部
4353862,商务运营部
4353500,商务运营部
4354381,商务运营部
4353303,商务运营部
4354229,商务运营部
4352606,商务运营部
4354409,运营管理部
4354010,运营管理部
4353726,运营管理部
4354238,运营管理部
4353746,运营管理部
4352796,运营管理部
4354628,运营管理部
4352590,无线安全产品部
4352559,无线浏览器产品部
4353278,无线浏览器产品部
4353758,浏览器产品部
4353353,浏览器产品部
4354451,浏览器产品部
4353560,浏览器产品部
4353016,浏览器产品部
4354210,浏览器产品部
4353161,浏览器产品部
4353972,无线运营部
4352943,无线运营部
4353540,无线运营部
4353348,穿越火线产品部
4354606,穿越火线产品部
4353875,穿越火线产品部
4352669,薪酬福利部
4352516,薪酬福利部
4354079,薪酬福利部
4352554,薪酬福利部
4353727,薪酬福利部
4354192,薪酬福利部
4352856,十八大信息安全保障联合项目组
4354075,法务综合部
4352440,法务综合部
4352689,法务综合部
4353785,法务综合部
4354557,法务综合部
4352482,知识产权部
4353518,知识产权部
4353216,知识产权部
4354115,知识产权部
4352529,知识产权部
4353083,知识产权部
4352903,合规交易部
4352995,合规交易部
4353710,合规交易部
4352544,合规交易部
4354155,OMG人力资源中心
4353173,OMG人力资源中心
4354441,OMG人力资源中心
4353830,OMG人力资源中心
4352735,OMG人力资源中心
4352513,OMG人力资源中心
4353242,OMG人力资源中心
4353537,电商行政部
4353822,电商人力资源部
4353162,电商总裁办
4354234,电商运维部
4351923,T1技术运营线
4351874,T1技术运营线
4352086,T1-技术运营线
4351893,T1-技术运营线
4351984,T2搜索平台线
4352398,T2搜索平台线
4351939,T2-搜索平台线
4351944,T2-搜索平台线
4352348,T2-搜索平台线
4352227,T2-搜索平台线
4352306,T2-搜索平台线
4351986,T2-搜索平台线
4352292,T2-搜索平台线
4351951,T2-搜索平台线
4352070,T2-搜索平台线
4353156,安全管理部
4354110,安全管理部
4353135,安全管理部
4354559,安全管理部
4352851,安全管理部
4353929,安全管理部
4353112,安全管理部
4353829,政府事务部
4354066,政府事务部
4354466,政府事务部
4352568,政府事务部
4354203,建设委员会
4353800,建设委员会
4354621,建设委员会
4353673,建设委员会
4352536,建设委员会
4353341,建设委员会
4353146,CDG行政中心
4353959,腾讯技术管理委员会
4352737,腾讯技术管理委员会
4353373,腾讯技术管理委员会
4354586,腾讯技术管理委员会
4352961,腾讯技术管理委员会
4351948,广州研发线
4352327,广州研发线
4352109,广州研发线(待删除)
4353856,微信产品部
4353601,微信产品部
4353255,微信产品部
4354313,邮箱产品部
4353980,邮箱产品部
4353497,邮箱产品部
4352822,邮箱产品部
4354169,视频付费项目组
4352858,视频付费项目组
4352853,视频付费项目组
4353543,视频付费项目组
4353011,视频付费项目组
4351718,公司级组织
4351712,公司级组织
4351761,公司级组织
4351733,公司级组织
4351713,公司级组织
4351762,公司级组织
4351739,公司级组织
4351686,公司级组织
4351674,公司级组织
4351724,公司级组织
4351673,公司级组织
4354640,搜索技术部
4353930,搜索技术部
4354331,搜索产品部
4353983,腾讯职业健康安全委员会（OHS）
4354497,腾讯职业健康安全委员会（OHS）
4353749,腾讯职业健康安全委员会（OHS）
4353815,腾讯职业健康安全委员会（OHS）
4354303,腾讯职业健康安全委员会（OHS）
4354403,腾讯职业健康安全委员会（OHS）
4352703,腾讯职业健康安全委员会（OHS）
4352782,腾讯职业健康安全委员会（OHS）
4354594,国际产品发布审核委员会
4354226,国际产品发布审核委员会
4352592,国际产品发布审核委员会
4352814,国际产品发布审核委员会
4354580,国际产品发布审核委员会
4352460,国际产品发布审核委员会
4353974,国际产品发布审核委员会
4353050,国际产品发布审核委员会
4354272,国际产品发布审核委员会
4354639,国际产品发布审核委员会
4354055,国际产品发布审核委员会
4353779,国际产品发布审核委员会
4353026,国际产品发布审核委员会
4354255,国际产品发布审核委员会
4353143,国际产品发布审核委员会
4354239,国际产品发布审核委员会
4353593,南京青奥项目组
4353453,南京青奥项目组
4352733,电商质量管理部
4353115,电商质量管理部
4352882,电商质量管理部
4354290,中共腾讯科技（深圳）有限公司委员会
4353584,中共腾讯党委
4353733,中共腾讯党委
4353262,中共腾讯党委
4353414,类目属性管理委员会
4352239,互动娱乐发行线
4352112,互动娱乐发行线
4352130,互动娱乐发行线
4352435,互动娱乐发行线
4352035,互动娱乐发行线
4351901,互动娱乐发行线
4352022,互动娱乐发行线
4352368,互动娱乐发行线
4352153,互动娱乐发行线
4351950,互动娱乐发行线
4352342,互动娱乐发行线
4352080,互动娱乐发行线
4352015,互动娱乐发行线
4351896,互动娱乐发行线
4352159,互动娱乐发行线
4351973,互动娱乐发行线
4351995,互动娱乐发行线
4352139,互动娱乐发行线
4352392,互动娱乐发行线
4352104,互动娱乐发行线
4352259,互动娱乐发行线
4351891,互动娱乐发行线
4352417,互动娱乐发行线
4352067,互动娱乐发行线
4351880,互动娱乐发行线
4352192,互动娱乐发行线
4351918,互动娱乐发行线
4352152,互动娱乐发行线
4352252,互动娱乐发行线
4352160,互动娱乐发行线
4352277,互动娱乐发行线
4351956,互动娱乐发行线
4351957,互动娱乐发行线
4352428,互动娱乐发行线
4352330,互动娱乐发行线
4351931,互动娱乐发行线
4352413,互动娱乐发行线
4353598,互动娱乐发行线
4354311,动作与RPG产品部
4352664,动作与RPG产品部
4354097,动作与RPG产品部
4353193,网页游戏产品部
4353053,网页游戏产品部
4352915,发行平台部
4352983,互动娱乐发行线管理委员会
4352897,互动娱乐发行线管理委员会
4352889,TEG公共编制
4352635,TEG公共编制
4352865,TEG公共编制
4353048,TEG公共编制
4353310,TEG公共编制
4353188,TEG公共编制
4353346,TEG公共编制
4353151,CDG公共编制
4353158,CDG公共编制
4353667,CDG公共编制
4354302,CDG公共编制
4353542,CDG公共编制
4353058,CDG公共编制
4352888,IEG公共编制
4352750,IEG公共编制
4353569,MIG公共编制
4353611,MIG公共编制
4354166,MIG公共编制
4353201,MIG公共编制
4353706,OMG公共编制
4354022,OMG公共编制
4353827,OMG公共编制
4354291,OMG公共编制
4354508,OMG公共编制
4352456,OMG公共编制
4354161,SNG公共编制
4354164,SNG公共编制
4353148,SNG公共编制
4354531,ECC公共编制
4352684,S1公共编制
4353437,S1公共编制
4353998,S2公共编制
4354283,S2公共编制
4353777,S2公共编制
4352720,S2公共编制
4353357,S3公共编制
4352802,S3公共编制
4354613,S3公共编制
4353754,S3公共编制
4354540,S3公共编制
4354348,S3公共编制
4351650,公司公共编制
4351679,公司公共编制
4354338,移动媒体产品部
4354208,移动媒体产品部
4353968,体育资讯部
4353405,体育资讯部
4353984,体育资讯部
4353087,党委办公室
4354350,党委办公室
4354310,党委办公室
4352506,量化用户体验项目联合团队
4353922,量化用户体验项目联合团队
4353372,量化用户体验项目联合团队
4352496,量化用户体验项目联合团队
4353877,量化用户体验项目联合团队
4353258,微信美国办公室
4352448,ECC内部审计委员会
4354387,电商财务风控部
4353944,博士后管理工作办公室
4352739,博士后管理工作办公室
4353993,博士后管理工作办公室
4353966,五彩石工作室
4353306,内容与版权业务部
4354023,内容与版权业务部
4352913,内容与版权业务部
4354573,MIG战略分析与投资组
4353281,MIG战略分析与投资组
4353717,MIG战略分析与投资组
4353674,MIG战略管理组
4352442,MIG战略管理组
4353349,腾讯信息安全决策委员会
4352666,腾讯信息安全决策委员会
4354587,iOS产品运营管理委员会
4352760,iOS产品运营管理委员会
4353651,iOS产品运营管理委员会
4353744,iOS产品运营管理委员会
4354252,iOS产品运营管理委员会
4353463,iOS产品运营管理委员会
4352982,iOS产品运营管理委员会
4352668,iOS产品运营管理委员会
4354011,iOS产品运营管理委员会
4354399,iOS产品运营管理委员会
4353313,iOS产品运营管理委员会
4353108,iOS产品运营管理委员会
4353411,iOS产品运营管理委员会
4354564,iOS产品运营管理委员会
4352612,iOS产品运营管理委员会
4353367,天美艺游工作室
4353629,天美艺游工作室
4353609,市场中心
4354480,市场中心
4353039,市场中心11111
4354014,广告客户部
4353762,渠道业务部
4354472,渠道业务部
4354450,渠道业务部
4353528,渠道业务部
4352534,渠道业务部
4353949,渠道业务部
4354322,渠道业务部
4353563,策划交付部
4354253,策划交付部
4353428,策划交付部
4353825,策划交付部
4353010,策划交付部
4354041,效果广告平台部
4352929,社交与效果广告部
4352994,社交与效果广告部
4352488,社交与效果广告部
4354281,移动应用平台部
4354607,移动应用平台部
4353650,移动应用平台部
4353536,移动应用平台部
4352566,移动应用平台部
4354549,移动应用平台部
4353442,移动应用平台部
4352671,移动应用平台部
4353795,移动应用平台部
4353908,移动应用平台部
4353464,移动互联网市场部
4354496,移动互联网市场部
4354114,移动互联网市场部
4354032,移动互联网市场部
4354404,移动互联网市场部
4353345,移动互联网市场部
4353308,移动互联网市场部
4352680,移动互联网市场部
4353163,移动互联网市场部
4354373,移动互联网市场部
4352964,巴西世界杯项目组
4353127,巴西世界杯项目组
4353206,希格玛演播群联合项目组
4352594,社交网络运营部
4353086,增值产品部
4353307,增值产品部
4353730,增值产品部
4354122,内部搜索平台部
4353836,内部搜索平台部
4352675,AI平台部
4352581,运营商业务部
4353750,运营商业务部
4352973,运营商业务部
4352667,运营商业务部
4353347,运营商业务部
4354069,运营商业务部
4353839,Studio管理委员会
4352713,Studio管理委员会
4354009,数字音乐部
4354513,数字音乐部
4354577,数字音乐部
4352708,数字音乐部
4354080,数字音乐部
4352446,IDC平台部
4354301,IDC平台部
4353503,IDC平台部
4354280,IDC平台部
4353336,IDC平台部
4353073,IDC平台部
4353932,移动游戏产品部
4353770,竞技与海外发行产品部
4353417,英雄联盟产品部
4354130,英雄联盟产品部
4352670,英雄联盟产品部
4353029,英雄联盟产品部
4353900,增值渠道部
4353860,增值渠道部
4354368,公共战略研究部
4353630,公共战略研究部
4353684,公共战略研究部
4353328,公共战略研究部
4353807,财经外联与拓展
4352489,财经外联与拓展
4353117,信息安全部
4352715,信息安全部
4354550,信息安全部
4354077,信息安全部
4354190,信息安全部
4352842,信息安全部
4353299,天天众彩
4353732,日本分公司
4352480,日本分公司
4352659,日本分公司
4352728,日本分公司
4351659,WXG微信事业群
4351651,WXG微信事业群
4351668,WXG微信事业群
4351760,WXG微信事业群
4351759,WXG微信事业群
4354448,基础产品部
4353013,基础产品部
4352900,基础产品部
4353952,基础产品部
4353524,基础产品部
4354478,基础产品部
4353696,基础产品部
4352717,基础产品部
4352502,WXG人力资源中心
4354108,WXG人力资源中心
4352948,微信支付联合产品部
4352706,微信支付联合产品部
4354530,微信支付联合产品部
4353389,技术架构部
4353317,广州研发部
4354346,广州研发部
4354150,广州研发部
4352522,广州研发部
4354071,WXG人力资源中心
4352916,WXG人力资源中心
4353764,WXG人力资源中心
4352841,WXG人力资源中心
4352582,WXG人力资源中心
4354471,战略管理组
4352501,战略管理组
4354565,战略管理组
4352835,WXG财务管理
4353753,WXG财务管理
4353556,WXG财务管理
4353461,WXG财务管理
4352987,WXG财务管理
4353538,WXG财务管理
4352447,开放平台基础部
4352820,开放平台基础部
4353985,开放平台基础部
4354546,开放平台基础部
4353837,开放平台基础部
4354204,微信公关组
4353096,微信公关组
4354230,微信公关组
4352757,微信公关组
4354548,微信公关组
4353040,微信公关组
4354593,开放平台创新部
4352980,开放平台创新部
4352819,开放平台业务部
4354293,开放平台业务部
4352795,开放平台业务部
4352648,微信技术委员会
4354040,WXG公共编制
4354453,WXG公共编制
4352636,WXG公共编制
4354195,WXG公共编制
4352508,WXG公共编制
4353052,WXG公共编制
4352924,游戏中心
4354172,通讯充值与彩票业务部
4353005,通讯充值与彩票业务部
4354141,通讯充值与彩票业务部
4353287,通讯充值与彩票业务部
4353654,通讯充值与彩票业务部
4352784,通讯充值与彩票业务部
4353041,通讯充值与彩票业务部
4352808,通讯充值与彩票业务部
4353178,总裁办管理咨询部
4353466,总裁办管理咨询部
4353062,总裁办管理咨询部
4354501,总裁办管理咨询部
4352793,天天众彩
4353661,天天众彩
4354282,咨询项目组
4354254,咨询项目组
4354171,咨询项目组
4354261,咨询项目组
4352563,安全云部
4353809,安全云部
4354592,安全云部
4354578,安全云部
4352525,安全云部
4353282,安全云部
4354376,安全云部
4353425,ECC投资公司项目组
4353396,ECC投资公司项目组
4353724,广州分公司
4352486,广州分公司
4353999,广州分公司
4354566,计费平台部
4354558,计费平台部
4353819,计费平台部
4353549,计费平台部
4354484,计费平台部
4352922,计费平台部
4353266,计费平台部
4353376,智能平台产品部
4353234,智能平台产品部
4354444,智能平台产品部
4353970,智能平台产品部
4354619,智能平台产品部
4354465,智能平台产品部
4352908,智能平台产品部
4352580,智能平台产品部
4353179,腾讯文体协会
4354035,腾讯文体协会
4353063,腾讯文体协会
4353682,腾讯文体协会
4353675,冬奥申委官网项目组
4353501,冬奥申委官网项目组
4352874,冬奥申委官网项目组
4353401,冬奥申委官网项目组
4353436,冬奥申委官网项目组
4352732,MIG业务流程组
4353857,MIG业务流程组
4352754,平台营销部
4354089,平台营销部
4353678,平台营销部
4354098,平台营销部
4353060,集团市场与公关部
4353080,集团市场与公关部
4354535,集团市场与公关部
4353022,新闻资讯部
4352560,新闻资讯部
4352846,新闻资讯部
4352497,新闻资讯部
4353015,新闻资讯部
4353366,娱乐资讯部
4352749,娱乐资讯部
4353335,微视产品部
4353265,微视产品部
4354060,微视产品部
4353517,视频版权合作部
4353910,视频版权合作部
4354360,视频版权合作部
4354464,视频版权合作部
4353190,视频平台运营部
4353514,视频平台运营部
4353023,视频平台运营部
4352838,视频产品技术部
4354187,视频产品技术部
4353821,视频产品技术部
4353888,视频产品技术部
4352520,客厅产品部
4353448,微信安全风控中心
4354406,微信安全风控中心
4352476,微信安全风控中心
4353421,微信安全风控中心
4353890,微信安全风控中心
4354285,智能设备创新中心
4353864,智能设备创新中心
4353467,TMS联合项目组
4354242,TMS联合项目组
4352439,玄武实验室
4352810,玄武实验室
4352721,玄武实验室
4354175,玄武实验室
4353586,玄武实验室
4353430,自研战略委员会
4352774,自研战略委员会
4352032,天美工作室群
4352060,天美工作室群
4352190,天美工作室群
4351962,天美工作室群
4352009,天美工作室群
4352299,天美工作室群
4351916,天美工作室群
4352346,天美工作室群
4352155,天美工作室群
4352304,天美工作室群
4352385,天美工作室群
4352068,天美工作室群
4352150,天美工作室群
4352075,天美工作室群
4352187,天美工作室群
4351898,天美工作室群
4352129,天美工作室群
4352309,天美工作室群
4351943,天美工作室群
4352301,天美工作室群
4352079,天美工作室群
4351913,天美工作室群
4352174,天美工作室群
4352375,天美工作室群
4352135,天美工作室群
4352107,天美工作室群
4352064,天美工作室群
4352407,天美工作室群
4352122,天美工作室群
4352273,天美工作室群
4351985,天美工作室群
4352300,天美工作室群
4352336,天美工作室群
4351996,天美工作室群
4352170,天美工作室群
4352290,天美工作室群
4351963,天美工作室群
4352217,天美工作室群
4352097,天美工作室群
4352251,天美工作室群
4352059,天美工作室群
4354490,天美J1工作室
4352989,天美J1工作室
4353627,天美J1工作室
4354589,天美J1工作室
4353499,天美J1工作室
4353942,天美J2工作室
4352457,天美J2工作室
4353977,天美J2工作室
4352600,天美J2工作室
4353099,天美J2工作室
4354353,天美J2工作室
4354487,天美J2工作室
4353511,天美J3工作室
4354469,天美J3工作室
4353232,天美J3工作室
4352545,天美J3工作室
4354178,天美J3工作室
4353481,天美J3工作室
4354316,天美J3工作室
4352977,天美J4工作室
4354233,天美J4工作室
4353780,天美J4工作室
4354630,天美J4工作室
4352705,天美J4工作室
4352828,天美J4工作室
4353969,天美T1工作室
4354491,天美T1工作室
4352992,天美T1工作室
4354136,天美T1工作室
4353008,天美T1工作室
4354237,天美T1工作室
4353271,天美T1工作室
4354617,天美L1工作室
4354123,天美L1工作室
4352645,天美L1工作室
4353613,天美L1工作室
4353145,天美L1工作室
4352125,光子工作室群
4352038,光子工作室群
4352224,光子工作室群
4351887,光子工作室群
4352047,光子工作室群
4352102,光子工作室群
4352014,光子工作室群
4352424,光子工作室群
4352082,光子工作室群
4351921,光子工作室群
4351883,光子工作室群
4352173,光子工作室群
4352119,光子工作室群
4352287,光子工作室群
4352374,光子工作室群
4352132,光子工作室群
4352350,光子工作室群
4352275,光子工作室群
4352364,光子工作室群
4351992,光子工作室群
4352094,光子工作室群
4351983,光子工作室群
4352235,光子工作室群
4351897,光子工作室群
4352280,光子工作室群
4352057,光子工作室群
4351915,光子工作室群
4352116,光子工作室群
4352030,光子工作室群
4352146,光子工作室群
4352140,光子工作室群
4352184,光子工作室群
4352061,光子工作室群
4352404,光子工作室群
4352325,光子工作室群
4352095,光子工作室群
4351940,光子工作室群
4351964,光子工作室群
4352171,光子工作室群
4352420,光子工作室群
4352002,光子工作室群
4353438,业务拓展中心
4354144,业务拓展中心
4352535,业务拓展中心
4354415,逍遥游工作室
4354118,逍遥游工作室
4353737,逍遥游工作室
4353447,逍遥游工作室
4353240,逍遥游工作室
4353567,逍遥游工作室
4354163,逍遥游工作室
4352941,欢乐游戏工作室
4352619,欢乐游戏工作室
4353130,欢乐游戏工作室
4353093,业务协同组
4353786,业务协同组
4354391,业务协同组
4352745,业务协同组
4353071,业务协同组
4354279,业务协同组
4353111,业务协同组
4354538,业务协同组
4354275,天玑智趣工作室
4353407,天玑智趣工作室
4352514,天玑智趣工作室
4353712,天玑智趣工作室
4354033,天玑智趣工作室
4353275,天行工作室
4352653,天行工作室
4353391,天行工作室
4352209,魔方工作室群
4352281,魔方工作室群
4352017,魔方工作室群
4352138,魔方工作室群
4351890,魔方工作室群
4352169,魔方工作室群
4352349,魔方工作室群
4351989,魔方工作室群
4352419,魔方工作室群
4351925,魔方工作室群
4352091,魔方工作室群
4351969,魔方工作室群
4352081,魔方工作室群
4352310,魔方工作室群
4351935,魔方工作室群
4352144,魔方工作室群
4352162,魔方工作室群
4352090,魔方工作室群
4352271,魔方工作室群
4352232,魔方工作室群
4352256,魔方工作室群
4352266,魔方工作室群
4352311,魔方工作室群
4351914,魔方工作室群
4352212,魔方工作室群
4352111,魔方工作室群
4352361,魔方工作室群
4352418,魔方工作室群
4352034,魔方工作室群
4352353,魔方工作室群
4352207,魔方工作室群
4352198,魔方工作室群
4352195,魔方工作室群
4352265,魔方工作室群
4352215,魔方工作室群
4352021,魔方工作室群
4352341,魔方工作室群
4352127,魔方工作室群
4352403,魔方工作室群
4351899,魔方工作室群
4352128,魔方工作室群
4354157,魔笛工作室
4353573,魔术师工作室
4354462,魔术师工作室
4352549,魔术师工作室
4354561,魔灵工作室
4354582,魔镜工作室
4354000,魔镜工作室
4353808,魔王工作室
4352870,魔王工作室
4352366,北极光工作室群
4352056,北极光工作室群
4352363,北极光工作室群
4352355,北极光工作室群
4351981,北极光工作室群
4352396,北极光工作室群
4351987,北极光工作室群
4351886,北极光工作室群
4352294,北极光工作室群
4352029,北极光工作室群
4352241,北极光工作室群
4352296,北极光工作室群
4351876,北极光工作室群
4352400,北极光工作室群
4352055,北极光工作室群
4351993,北极光工作室群
4352427,北极光工作室群
4352314,北极光工作室群
4352051,北极光工作室群
4352084,北极光工作室群
4352390,北极光工作室群
4352096,北极光工作室群
4352134,北极光工作室群
4351895,北极光工作室群
4352333,北极光工作室群
4352323,北极光工作室群
4352069,北极光工作室群
4352166,北极光工作室群
4352221,北极光工作室群
4352149,北极光工作室群
4352010,北极光工作室群
4352077,北极光工作室群
4352289,北极光工作室群
4352282,北极光工作室群
4352065,北极光工作室群
4351967,北极光工作室群
4351960,北极光工作室群
4352199,北极光工作室群
4352042,北极光工作室群
4352053,北极光工作室群
4352278,北极光工作室群
4352257,北极光工作室群
4352307,北极光工作室群
4352836,水银工作室
4353818,水银工作室
4354341,水银工作室
4354432,蜜獾工作室
4354027,蜜獾工作室
4352789,天狼工作室
4354443,天狼工作室
4352681,天狼工作室
4352907,天狼工作室
4352518,综合业务中心
4354224,综合业务中心
4352914,美术中心
4354612,美术中心
4353409,美术中心
4354539,美术中心
4354214,美术中心
4354258,美术中心
4352966,美术中心
4353301,设计中心
4353580,设计中心
4353607,设计中心
4354622,设计中心
4353583,测试组
4353404,测试组
4354359,业务协调组
4354039,质量管控组
4353247,质量管控组
4352906,质量管控组
4353150,技术中心
4353489,技术中心
4353164,技术中心
4354401,音频组
4354375,音频组
4354449,音频组
4353823,音频组
4352654,音频拓展组
4354522,信息安全行业产品中心
4352970,信息安全行业产品中心
4353871,信息安全行业产品中心
4352618,信息安全行业产品中心
4353455,信息安全行业产品中心
4352603,信息安全行业产品中心
4352137,MIG技术委员会
4352360,MIG技术委员会
4352028,MIG技术委员会
4351932,MIG技术委员会
4352411,MIG技术委员会
4352167,MIG技术委员会
4351882,MIG技术委员会
4352295,MIG技术委员会
4352240,MIG技术委员会
4352298,MIG技术委员会
4352258,MIG技术委员会
4352113,MIG技术委员会
4352210,MIG技术委员会
4352391,MIG技术委员会
4352118,MIG技术委员会
4352367,MIG技术委员会
4353602,国际运营中心
4354092,国际运营中心
4353283,国际运营中心
4353863,15项目组
4353784,15项目组
4352917,英特尔和腾讯游戏联合创新实验室项目组
4353941,英特尔和腾讯游戏联合创新实验室项目组
4352762,引擎组
4354006,游戏音频组
4354370,游戏音频组
4353168,游戏音频组
4354151,移动游戏合作部
4352741,移动游戏合作部
4353248,视频付费项目组
4352575,动漫业务部
4353854,动漫业务部
4353845,动漫业务部
4353810,动漫业务部
4353621,动漫业务部
4354228,动漫业务部
4352871,版权业务部
4353121,版权业务部
4354209,合作业务中心
4353945,合作业务中心
4353132,合作业务中心
4354198,合作业务中心
4352965,业务管理组
4352722,业务管理组
4353363,业务管理组
4352955,NBA项目组
4354361,NBA项目组
4354211,行业合作部
4353210,行业合作部
4354386,行业合作部
4353000,斯巴达工作室
4353350,斯巴达工作室
4353853,斯巴达工作室
4354058,斯巴达工作室
4352605,斯巴达工作室
4354152,斯巴达工作室
4353989,SNG生态安全中心
4354021,SNG生态安全中心
4353323,SNG生态安全中心
4353131,SNG市场部
4352466,SNG市场部
4354456,SNG市场部
4354327,预研中心
4353997,预研中心
4353848,预研中心
4352935,预研中心
4353472,编务运营部
4354051,编务运营部
4352679,编务运营部
4353591,视频总编室
4353738,视频总编室
4353889,视频总编室
4353615,视频总编室
4352562,电视剧业务部
4354294,电视剧业务部
4354063,电视剧业务部
4354440,电影业务部
4352898,电影业务部
4352933,电影业务部
4353047,电影业务部
4353454,电影业务部
4352521,电影业务部
4354200,电影业务部
4352770,电影业务部
4354542,综艺业务部
4354562,综艺业务部
4353921,综艺业务部
4353333,IEG安全管理中心
4352827,VIP会员发展联合项目组
4352876,VIP会员发展联合项目组
4352769,VIP会员发展联合项目组
4354046,里约奥运会项目组
4352695,里约奥运会项目组
4354202,里约奥运会项目组
4353990,里约奥运会项目组
4354527,里约奥运会项目组
4353766,里约奥运会项目组
4353612,科普信息化项目组
4353332,科普信息化项目组
4353838,科普信息化项目组
4354015,科普信息化项目组
4353218,科普信息化项目组
4352609,校园招聘项目
4353868,CDG职业发展委员会
4354176,CDG职业发展委员会
4353833,CDG职业发展委员会
4353935,CDG职业发展委员会
4354193,天美J5工作室
4353644,天美J5工作室
4352519,天美J5工作室
4353458,天美J5工作室
4352585,天美J5工作室
4354112,星辰游戏产品部
4353558,星辰游戏产品部
4353759,星辰游戏产品部
4353222,星辰游戏产品部
4353804,乾坤游戏产品部
4353446,乾坤游戏产品部
4353169,玲珑游戏产品部
4353381,移动游戏决策管理委员会
4353531,移动游戏决策管理委员会
4354170,移动游戏决策管理委员会
4354489,移动游戏决策管理委员会
4352072,支付基础平台与金融应用线
4352331,支付基础平台与金融应用线
4351889,支付基础平台与金融应用线
4352074,支付基础平台与金融应用线
4352263,支付基础平台与金融应用线
4351968,支付基础平台与金融应用线
4351949,支付基础平台与金融应用线
4352200,支付基础平台与金融应用线
4352236,支付基础平台与金融应用线
4351972,支付基础平台与金融应用线
4351902,支付基础平台与金融应用线
4352194,支付基础平台与金融应用线
4351922,支付基础平台与金融应用线
4352158,支付基础平台与金融应用线
4352322,支付基础平台与金融应用线
4351955,支付基础平台与金融应用线
4351910,支付基础平台与金融应用线
4352175,支付基础平台与金融应用线
4352185,支付基础平台与金融应用线
4352383,支付基础平台与金融应用线
4352071,支付基础平台与金融应用线
4352124,支付基础平台与金融应用线
4352264,支付基础平台与金融应用线
4352317,支付基础平台与金融应用线
4352218,支付基础平台与金融应用线
4352339,支付基础平台与金融应用线
4352279,支付基础平台与金融应用线
4352193,支付基础平台与金融应用线
4351905,支付基础平台与金融应用线
4352357,支付基础平台与金融应用线
4352205,支付基础平台与金融应用线
4352101,支付基础平台与金融应用线
4354603,支付平台部
4354354,支付平台部
4354044,支付平台部
4353858,理财平台产品部
4352587,理财平台产品部
4353757,理财平台产品部
4354271,理财平台产品部
4352797,理财平台产品部
4352798,平台研发部
4352926,平台研发部
4353669,金融合作和政策部
4352753,金融合作和政策部
4352498,金融合作和政策部
4353257,金融合作和政策部
4354543,金融合作和政策部
4353532,金融合作和政策部
4352936,金融市场部
4354437,风险管理部
4352547,风险管理部
4352901,金融数据应用中心
4352622,金融数据应用中心
4353801,综合运营组
4353337,综合运营组
4353157,综合运营组
4354286,游戏平台与社区产品部
4353735,天盈产品部
4352925,天盈产品部
4353410,天盈产品部
4353030,龙血树孵化器中心
4354560,SNG行政中心
4353534,SNG行政中心
4354514,SNG行政中心
4352678,微信事业群系统办公室
4354413,微信事业群系统办公室
4354575,微信事业群系统办公室
4353991,天美音频中心
4353824,天美音频中心
4352630,手Q支付专项
4353138,15项目组-居民专用
4352553,互联网+合作事业部
4352823,互联网+合作事业部
4352449,科恩实验室
4353056,科恩实验室
4353302,科恩实验室
4352927,科恩实验室
4354274,企业产品部
4354567,企业产品部
4352910,企业产品部
4353085,企业产品部
4352928,企业产品部
4354618,SNG商业化广告中心
4353439,业务协调组
4353913,业务协调组
4353641,业务协调组
4354431,自研体系管理部
4354084,自研体系管理部
4354596,效果广告中心
4352546,效果广告销售1部
4351947,腾讯影业
4352216,腾讯影业
4352172,腾讯影业
4352204,腾讯影业
4352052,腾讯影业
4352313,腾讯影业
4352354,腾讯影业
4351966,腾讯影业
4352397,腾讯影业
4352098,腾讯影业
4352114,腾讯影业
4352100,腾讯影业
4351977,腾讯影业
4352316,腾讯影业
4352182,腾讯影业
4351930,腾讯影业
4352433,腾讯影业
4352036,腾讯影业
4352365,腾讯影业
4352013,腾讯影业
4352286,腾讯影业
4351911,腾讯影业
4351929,腾讯影业
4352197,腾讯影业
4352378,腾讯影业
4352039,腾讯影业
4354336,大梦电影工作室
4353072,大梦电影工作室
4353519,黑体工作室
4354352,进化娱乐工作室
4352951,进化娱乐工作室
4353194,进化娱乐工作室
4354598,进化娱乐工作室
4353805,商务中心
4353104,商务中心
4354300,商务中心
4353440,商务中心
4352918,影视决策委员会
4353521,影视决策委员会
4352934,影视决策委员会
4354131,影视决策委员会
4353663,宣发部
4354428,宣发部
4352444,业务规划部
4354503,业务规划部
4352542,业务规划部
4354072,平台职能部
4354424,互联网产品部
4353475,互联网产品部
4353110,蜡笔工作室
4354624,蜡笔工作室
4354458,蜡笔工作室
4352803,蜡笔工作室
4352937,蜡笔工作室
4353636,环球游戏产品中心
4353683,环球游戏产品中心
4352971,区域拓展部
4354324,质量管理中心
4352483,VIP会员业务联合项目组
4353849,VIP会员业务联合项目组
4353318,优图实验室
4353595,优图实验室
4354227,优图实验室
4353241,优图实验室
4353076,IP版权中心
4354156,IP版权中心
4353358,美术攻坚组
4354217,美术攻坚组
4354270,美术攻坚组
4352682,腾讯公共战略委员会
4353139,公共战略委员会办公室
4353412,公共战略委员会办公室
4353561,公共战略委员会办公室
4354061,竞争政策办公室
4354296,竞争政策办公室
4353343,内容管理办公室
4353614,内容管理办公室
4352509,内容管理办公室
4354241,内容管理办公室
4354037,文化产业办公室
4352620,文化产业办公室
4354337,文化产业办公室
4353170,文化产业办公室
4352651,金融政策办公室
4352642,金融政策办公室
4353025,产业政策部
4353238,产业政策部
4353616,产业政策部
4353090,产业政策部
4352747,产业政策部
4353106,公共政策部
4353866,企鹅影视
4354433,企鹅影视
4354533,企鹅影视
4353028,影视业务部
4352492,金融合作办公室
4352716,金融合作办公室
4352462,金融咨询项目组
4352647,金融咨询项目组
4353648,金融咨询项目组
4354417,合作研发产品中心
4353482,K1合作部
4353947,K1合作部
4353263,K1合作部
4352504,K1合作部
4353513,K1合作部
4354355,K3合作部
4352524,K3合作部
4352528,K3合作部
4352661,K3合作部
4353267,K6合作部
4352972,K6合作部
4352463,K6合作部
4354048,K6合作部
4353422,K6合作部
4352939,X1游戏产品部
4353445,K2合作部
4352441,K2合作部
4354182,K5合作部
4352920,X2游戏产品部
4352690,X6游戏产品部
4353034,X6游戏产品部
4354427,在线教育部
4352993,AI Lab
4353883,AI Lab
4354073,发行线-公共
4354377,移动电竞业务部
4354020,移动电竞业务部
4352692,移动电竞业务部
4353270,测试部A
4351815,基础架构部A
4351865,基础架构部A
4351792,基础架构部A
4351843,基础架构部A
4351807,基础架构部A
4351848,基础架构部A
4351856,基础架构部A
4351810,基础架构部A
4351806,基础架构部A
4351827,基础架构部A
4351768,基础架构部A
4351829,基础架构部A
4351844,基础架构部A
4351822,基础架构部A
4351805,基础架构部A
4351859,基础架构部A
4351785,基础架构部A
4351861,基础架构部A
4352389,基础架构部B
4352344,基础架构部B
4352329,基础架构部B
4351878,基础架构部B
4352145,基础架构部B
4351879,基础架构部B
4352340,基础架构部B
4351928,基础架构部B
4352073,基础架构部B
4352255,基础架构部B
4352245,基础架构部B
4352016,基础架构部B
4352058,基础架构部B
4352409,基础架构部B
4352414,基础架构部B
4352151,基础架构部B
4352261,基础架构部B
4351907,基础架构部B
4351900,法务部A
4352412,法务部A
4352384,法务部A
4352043,法务部A
4352253,法务部A
4352359,法务部A
4352143,法务部A
4351959,法务部A
4352108,法务部A
4352050,法务部A
4352326,法务部A
4352027,法务部A
4352093,法务部A
4352238,法务部A
4351909,法务部A
4352244,法务部A
4352387,法务部A
4351924,法务部A
4352105,测试线1014
4352254,测试线1014
4352089,测试线1014
4352356,测试线1014
4352399,测试线1014
4352231,测试线1014
4352305,测试线1014
4352386,测试线1014
4351952,测试线1014
4352405,测试线1014
4352026,测试线1014
4352319,测试线1014
4352133,测试线1014
4351912,测试线1014
4352044,测试线1014
4352062,测试线1014
4352208,测试线1014
4352161,测试线1014
4351953,测试线下线
4352003,测试线下线
4352334,测试线下线
4352381,测试线下线
4352434,测试线下线
4352276,测试线下线
4352351,测试线下线
4352269,测试线下线
4352191,测试线下线
4352148,测试线下线
4352260,测试线下线
4352179,测试线下线
4352432,测试线下线
4352233,测试线下线
4352165,测试线下线
4352214,测试线下线
4352008,测试线下线
4352234,测试线下线
4354447,测试线下部门
4353709,测试线下部门
4353207,测试线下部门a
4351809,“版权行动”联合项目组
4351812,“版权行动”联合项目组
4351852,“版权行动”联合项目组
4351974,品牌合作部
4352147,品牌合作部
4352012,品牌合作部
4354407,xx
4353385,xx
4353129,xx
4352852,TX项目中心
4352283,TX项目组
4352005,TX项目组
4354345,TD项目中心
4354574,TD项目中心
4353300,TD项目中心
4353912,TD项目中心
4352857,TF项目中心
4354083,TF项目中心
4352230,测试
4352186,测试
4352557,测试一组
4354256,职能部
4352718,职能部
4353012,天美L3工作室
4354070,天美L4工作室
4354499,天美L4工作室
4354059,天美L6工作室
4354623,天美L7工作室
4353752,移动互联网测试部门
4353054,法务平台部
4352272,finna部
4352001,finna部
4352045,finna部
4352126,finna部
4352875,天美T3工作室
4352328,效果广告销售部
4352312,效果广告销售部
4351978,效果广告销售部
4352206,效果广告销售部
4354460,效果广告销售部
4354518,效果广告销售部
4352626,天美T6工作室
4353137,天美T6工作室
4353314,天美T6工作室
4353700,天美T6工作室
4352024,天美 工作室群
4352226,天美 工作室群
4351845,版权业务部A
4351846,版权业务部A
4351793,版权业务部A
4351858,版权业务部A
4351837,版权业务部A
4351818,版权业务部A
4351774,版权业务部A
4351825,版权业务部A
4351799,版权业务部A
4351841,版权业务部A
4351828,版权业务部A
4351872,版权业务部A
4351835,版权业务部A
4351839,版权业务部A
4351849,版权业务部A
4352343,电竞业务部
4351894,电竞业务部
4351888,电竞业务部
4352401,电竞业务部
4352249,电竞业务部
4352510,战略发展部
4354087,测试部门22
4353884,测试部门22
4352539,战略发展部
4352946,战略发展部
4354068,战略发展部
4351823,开发一部
4351795,开发一部
4351868,开发一部
4351842,开发一部
4351778,开发一部
4351838,开发一部
4351800,开发一部
4351808,开发一部
4351867,开发一部
4351847,开发一部
4351814,开发一部
4351821,开发一部
4351783,开发一部
4351826,开发一部
4351817,开发一部
4351773,开发一部
4351772,开发一部
4351851,开发一部
4352490,水泥工程test2
4354601,水泥工程test3
4352303,铁路大测试一
4352371,铁路大测试一
4352248,铁路大测试一
4352410,铁路大测试一
4352430,铁路大测试一
4351885,铁路大测试一
4351958,铁路大测试一
4352011,铁路大测试一
4352106,铁路大测试一
4352183,铁路大测试一
4352033,铁路大测试一
4352040,铁路大测试一
4352213,铁路大测试一
4352416,铁路大测试一
4352085,铁路大测试一
4352388,铁路大测试一
4351652,铁路大测试三
4353427,开放吗平台部
4353587,开放吗平台部
4353850,开放吗平台部
4351780,行业合作一部
4351854,行业合作一部
4351775,行业合作一部
4354231,行业合作一部
4352315,基础架构一部
4352156,基础架构一部
4352380,基础架构一部
4352291,基础架构一部
4352087,基础架构一部
4352031,基础架构一部
4351903,基础架构一部
4352262,基础架构一部
4351920,基础架构一部
4352018,基础架构一部
4352117,基础架构一部
4352377,基础架构一部
4351884,基础架构一部
4352037,基础架构一部
4352181,基础架构一部
4352425,基础架构一部
4351904,aaaa
4351971,aaaa
4352318,aaaa
4351965,aaaa
4352237,aaaa
4351917,aaaa
4352320,aaaa
4352088,aaaa
4352382,aaaa
4352362,aaaa
4351997,aaaa
4352335,aaaa
4352048,aaaa
4352211,kkkk
4351954,kkkk
4351906,kkkk
4352267,腾讯影业A
4352225,腾讯影业A
4352131,腾讯影业A
4352373,腾讯影业A
4352370,腾讯影业A
4352120,腾讯影业A
4352345,腾讯影业A
4352201,腾讯影业A
4352332,腾讯影业A
4351994,腾讯影业A
4351945,腾讯影业A
4352163,腾讯影业A
4352293,腾讯影业A
4352393,腾讯影业A
4352176,腾讯影业A
4352250,腾讯影业A
4352347,腾讯影业B
4352408,腾讯影业B
4352142,腾讯影业B
4352220,腾讯影业C
4352337,腾讯影业C
4352228,腾讯影业C
4352285,腾讯影业B
4352243,腾讯影业B
4352321,腾讯影业B
4354265,腾讯影业C
4352503,全流程部门一
4352438,全流程部门一
4354498,全流程部门一
4354090,全流程部门一
4351979,人力资源平台部A
4352177,人力资源平台部A
4352421,人力资源平台部A
4352962,人力资源平台部A
4354117,人力资源平台部A
4353277,人力资源平台部A
4352274,NBA虚拟组织
4351975,NBA虚拟组织
4352247,NBA虚拟组织
4351991,NBA虚拟组织
4352049,NBA虚拟组织
4352006,NBA虚拟组织
4352203,NBA虚拟组织
4352168,NBA虚拟组织
4352054,NBA虚拟组织
4352099,NBA虚拟组织
4352164,NBA虚拟组织
4352083,NBA虚拟组织
4352121,NBA虚拟组织
4352004,NBA虚拟组织
4351881,NBA虚拟组织
4351999,NBA虚拟组织
4352338,xx组
4352154,xx组
4351875,xx组
4352078,wwww
4351936,wwww
4352110,wwww
4351990,wwww
4352426,wwww
4352229,wwww
4351961,wwww
4351908,wwww
4352297,wwww
4352157,wwww
4352395,wwww
4352394,wwww
4351877,wwww
4352020,wwww
4352007,wwww
4352123,Tencent America Management Com
4351946,数字音乐部01
4352103,数字音乐部01
4352246,数字音乐部01
4352324,数字音乐部01
4351892,数字音乐部01
4352000,数字音乐部01
4351938,数字音乐部01
4352222,数字音乐部01
4352369,数字音乐部01
4351942,数字音乐部01
4352066,数字音乐部01
4352429,数字音乐部01
4352178,数字音乐部01
4352180,数字音乐部01
4353596,数字音乐部02
4354434,数字音乐部02
4353360,数字音乐部02
4352839,数字音乐部02
4352046,部门编号6
4352063,部门编号6
4351941,aaa
4352288,aaa
4352202,aaa
4351970,aaa
4351927,bbb
4351933,bbb
4352023,bbb
4352415,bbb
4354485,CDG人力资源管理
4353290,CDG人力资源管理
4352551,CDG人力资源管理
4353741,CDG人力资源管理
4352883,IEG人力资源管理
4352485,IEG人力资源管理
4353841,IEG人力资源管理
4352902,SNG人力资源管理
4352921,SNG人力资源管理
4353273,SNG人力资源管理
4353962,SNG人力资源管理
4353891,TEG资金管理
4353789,TEG资金管理部
4353736,TEG资金管理部
4353365,云业务部
4353716,云业务部
4353088,云业务部
4354636,云业务部
4353695,云产品部
4354106,云产品部
4353095,云产品部
4354008,云业务部
4353233,云产品部
4354184,TEG资金管理
4353568,云业务部
4354590,云业务部
4352589,云业务部
4354358,云产品部
4354133,云产品部
4353036,系统财务管理
4354100,系统财务管理
4352855,系统财务管理
4352610,WXG薪酬福利部
4352579,WXG薪酬福利部
4353480,WXG薪酬福利部
4353775,CDG人力资源管理
4352974,IEG产品设计部
4354049,OMG产品设计部
4354143,OMG产品设计部
4354165,娱乐文娱部
4353471,娱乐文娱部
4351998,移动互联网事业群
4352141,移动互联网事业群
4351982,移动互联网事业群
4352308,移动互联网事业群
4352270,移动互联网事业群
4351980,移动互联网事业群
4352423,移动互联网事业群
4351988,移动互联网事业群
4352406,移动互联网事业群
4352422,移动互联网事业群
4351926,移动互联网事业群
4352402,移动互联网事业群
4353484,QQ浏览器工作室
4353938,软件维护部
4353943,微信服务组
4351836,TME kugou
4351937,虚拟组织哈哈咯
4352041,虚拟组织哈哈咯
4351830,test部门2016120101
4351769,test部门2016120101
4351863,test部门2016120101
4351831,test部门20161202
4351790,test部门20161202
4351840,test部门20161202
4351850,test部门20161202
4351770,test部门20161202
4351834,test部门20161202
4351786,test部门20161202
4351870,test部门20161202
4351804,test部门20161202
4351777,test部门20161202
4351857,test部门20161202
4351860,test部门20161202
4351853,test部门20161202
4351871,test部门20161202
4351779,test部门20161202
4351866,test部门20161202
4351864,test部门20161202
4351789,test部门20161202
